message,prediction,actual
@tiniebeany climate change is an interesting hustle as it was global warming but the planet stopped warming for 15 yes while the suv boom,0,
"RT @NatGeoChannel: Watch #BeforeTheFlood right here, as @LeoDiCaprio travels the world to tackle climate change https://t.co/LkDehj3tNn httÃ¢â‚¬Â¦",2,
Fabulous! Leonardo #DiCaprio's film on #climate change is brilliant!!! Do watch. https://t.co/7rV6BrmxjW via @youtube,2,
RT @Mick_Fanning: Just watched this amazing documentary by leonardodicaprio on climate change. We all think thisÃ¢â‚¬Â¦ https://t.co/kNSTE8K8im,2,
"RT @cnalive: Pranita Biswasi, a Lutheran from Odisha, gives testimony on effects of climate change &amp; natural disasters on the poÃ¢â‚¬Â¦",2,
Unamshow awache kujinga na iko global warming https://t.co/mhIflU7M1X,1,
"RT @cnalive: Pranita Biswasi, a Lutheran from Odisha, gives testimony on effects of climate change &amp; natural disasters on the poÃ¢â‚¬Â¦",2,
"RT @CCIRiviera: Presidential Candidate #DonaldTrump is Ã¢â‚¬Å“dangerousÃ¢â‚¬ï† on climate change, says #monaco Ã¢â‚¬â„¢s Prince AlbertÃ¢â‚¬Â¦",2,
"RT @AmericanIndian8: Leonardo DiCaprio's climate change documentary is free for a week https://t.co/ITpdZ6kCeg
#INDIGENOUS #TAIRP https://tÃ¢â‚¬Â¦",1,
"#BeforeTheFlood Watch #BeforeTheFlood right here, as @LeoDiCaprio travels the world to tackle climate change... https://t.co/HCIZrPUhLF",2,
RT @DrDeJarnett: It's vital that the public health community addresses climate change- via @Climate4Health's Tabola #APHA2016 https://t.co/Ã¢â‚¬Â¦,2,
"Bangladesh did not cause climate change, so the country does not need Ã¢â‚¬Å“aidÃ¢â‚¬ï†; instead it needs compensation for theÃ¢â‚¬Â¦ https://t.co/ecGXgRNROP",2,
"RT @NatGeoChannel: Watch #BeforeTheFlood right here, as @LeoDiCaprio travels the world to tackle climate change https://t.co/LkDehj3tNn httÃ¢â‚¬Â¦",2,
Now's the time: we need a strong #FTT that works for those hardest hit by climate change and poverty!,2,
"RT @WorldResources: Reflections on Leonardo DiCaprioÃ¢â‚¬â„¢s new #climate change film, #BeforeTheFlood https://t.co/YRrLgtZRbc https://t.co/A0tWUÃ¢â‚¬Â¦",2,
"RT @littoralsociety: The problem with global warmingÃ¢â‚¬â€and the reason it continues to resist illustration, even as the streets flood and... hÃ¢â‚¬Â¦",2,
RT @NatGeoChannel: One of the easiest ways to help combat climate change in your daily life is to stop eating beef. Here's why:Ã¢â‚¬Â¦,2,
RT @esquire: Watch Leo DiCaprio's climate change doc online for free before the world ends: https://t.co/LMY3Vqtlgg https://t.co/g8IMhrZ6v4,2,
RT @ClimateCentral: Here's how climate change will affect sea level rise (and flood cities) as the world warms https://t.co/btLitj44uUÃ¢â‚¬Â¦,2,
"RT @NatGeoChannel: Watch #BeforeTheFlood right here, as @LeoDiCaprio travels the world to tackle climate change https://t.co/LkDehj3tNn httÃ¢â‚¬Â¦",2,
"@marie_dunkley arseholes couldn't predict tomorrows weather in a 4 month heat wave, yet we trust them on climate change! narrr",0,
"RT @antonio5591: Florida,Trump defied Cuba embargo&amp;lied to you about it.Also,he doesn't believe in climate change which will affectÃ¢â‚¬Â¦",2,
"We must combat climate change. Indigenous ppl are protesting for our earth, our water. Yet this happens: https://t.co/EUDmjbgbkx",2,
National GeographicÃ¢â‚¬â„¢s climate change documentary with Leonardo DiCaprio is now on YouTube https://t.co/1Y3koz4KDY via @thenextweb,1,
"Everyone should take the time to watch @NatGeo climate change docufilm with Leonardo DiCaprio, time to be about it and stop talking about it",2,
"BoingBoing: Watch Before the Flood, an urgent call to arms about climate change https://t.co/H5GtCYkPVu https://t.co/qC451rs0d1",2,
"RT @NatGeoChannel: Watch #BeforeTheFlood right here, as @LeoDiCaprio travels the world to tackle climate change https://t.co/LkDehj3tNn httÃ¢â‚¬Â¦",2,
@ShellenbergerMD @DrSimEvans @bradplumer @JigarShahDC should we care about the economics when fighting climate change?,1,
"@Nadeshot its like that in alot places now, it's called climate change",2,
"RT @NatGeoChannel: Watch #BeforeTheFlood right here, as @LeoDiCaprio travels the world to tackle climate change https://t.co/LkDehj3tNn httÃ¢â‚¬Â¦",2,
"Pentagon video about the future of cities predicts inequality, climate change, scarcity, crumbling infrastructure: https://t.co/A6DsoGKbXD",2,
RT @TheFilmStage: Leonardo DiCaprio's climate change documentary 'Before the Flood' is now streaming for free on YouTube:Ã¢â‚¬Â¦,1,
"RT @NatGeoChannel: Watch #BeforeTheFlood right here, as @LeoDiCaprio travels the world to tackle climate change https://t.co/LkDehj3tNn httÃ¢â‚¬Â¦",2,
"if not for climate change information, watch Before the Flood because Leonardo DiCaprio",1,
RT @C__G___: Ã¢â‚¬Å“Niggas asked me what my inspiration was I told them global warmingÃ¢â‚¬ï†,1,
RT @PlessCatherine: Team energy/climate change we should check this out #McGgovt @mariamartmcg @cocodupepe1 @marlapeyre @elisef_fant https:Ã¢â‚¬Â¦,1,
RT @retroJACE: global warming real as hell. al gore told us. leo dicaprio keep tryna tell us. its 82 degrees and its halloween. sumn aint rÃ¢â‚¬Â¦,2,
A web of truths: This is how climate change affects more than just the weather. https://t.co/RAsbCx5Rmd #ad https://t.co/lhk0m4UeMW,2,
"RT @NatGeoChannel: Watch #BeforeTheFlood right here, as @LeoDiCaprio travels the world to tackle climate change https://t.co/LkDehj3tNn httÃ¢â‚¬Â¦",2,
"RT @NatGeoChannel: Watch #BeforeTheFlood right here, as @LeoDiCaprio travels the world to tackle climate change https://t.co/LkDehj3tNn httÃ¢â‚¬Â¦",2,
"RT @NatGeoChannel: Watch #BeforeTheFlood right here, as @LeoDiCaprio travels the world to tackle climate change https://t.co/LkDehj3tNn httÃ¢â‚¬Â¦",2,
L'Oreal named as global leader in climate change strategy #healthcare #comms #news https://t.co/nkHmNoWgNo https://t.co/0WgHPAYxEa,2,
"RT @Greenpeace: If climate change goes unchecked, many areas in southern Europe could become deserts. https://t.co/PGRHflqMtb #scary https:Ã¢â‚¬Â¦",2,
RT @retroJACE: global warming real as hell. al gore told us. leo dicaprio keep tryna tell us. its 82 degrees and its halloween. sumn aint rÃ¢â‚¬Â¦,2,
RT @greenpeaceusa: Did you miss the premier of @LeoDiCaprio's climate change documentary #BeforeTheFlood yesterday? Catch up here &gt;&gt; https:Ã¢â‚¬Â¦,2,
"@LeoDiCaprio @NatGeoChannel I watched it just now. Everybody, esp., world leaders must stand together and act on climate change.",2,
"RT @NatGeoChannel: Watch #BeforeTheFlood right here, as @LeoDiCaprio travels the world to tackle climate change https://t.co/LkDehj3tNn httÃ¢â‚¬Â¦",2,
"@simeonst91 IÃ¢â‚¬â„¢m creating a new think tank for climate change, would you join and post your tweet also at https://t.co/u1UbQXLmrF ?",2,
"RT @NatGeoChannel: Watch #BeforeTheFlood right here, as @LeoDiCaprio travels the world to tackle climate change https://t.co/LkDehj3tNn httÃ¢â‚¬Â¦",2,
Nicely said: 'Financiers are not philanthropists. But (...) allies in the fight against climate change' [in French] https://t.co/5yPUhCdEWW,2,
RT @NatGeo: Are we too late to fight climate change? https://t.co/797Rx2UXQA #YearsProject https://t.co/LV2Fy0uuge,2,
A remarkable man and his work on climate change is so impressive more people need to see it... https://t.co/JtpuX9QYFv,2,
"RT @NYTnickc: Trump, who once called climate change a hoax by the Chinese, tells Michigan crowd: 'I'm an environmentalist.'",2,
RT @NatGeoPhotos: Here's what happens when an astronaut and an actor start a conversation about climate change:Ã¢â‚¬Â¦,2,
"RT @NatGeoChannel: Watch #BeforeTheFlood right here, as @LeoDiCaprio travels the world to tackle climate change https://t.co/LkDehj3tNn httÃ¢â‚¬Â¦",2,
"RT @ABCPolitics: .@realDonaldTrump vows to cancel 'billions' in climate change funds to UN, adds 'I'm an environmentalist' https://t.co/P1HÃ¢â‚¬Â¦",2,
"RT @NYTnickc: Trump, who once called climate change a hoax by the Chinese, tells Michigan crowd: 'I'm an environmentalist.'",2,
@MikeBloomberg @LeoDiCaprio why aren't you vegan? meat industry contributes GREATLY to climate change and deforestation!,2,
RT @NatGeo: Are we too late to fight climate change? https://t.co/797Rx2UXQA #YearsProject https://t.co/LV2Fy0uuge,2,
"RT @ABCPolitics: .@realDonaldTrump vows to cancel 'billions' in climate change funds to UN, adds 'I'm an environmentalist' https://t.co/P1HÃ¢â‚¬Â¦",2,
"RT @NYTnickc: Trump, who once called climate change a hoax by the Chinese, tells Michigan crowd: 'I'm an environmentalist.'",2,
"RT @IndieWire: Watch Leonardo DiCaprio's climate change documentary #BeforeTheFlood for free online 
https://t.co/g3iUV8yU0u https://t.co/LÃ¢â‚¬Â¦",1,
"RT @EnvDefenseFund: Climate change is widely accepted, but these 9 global warming effects may still surprise you. https://t.co/mvKRsnQZtd",2,
Ã‚Â«The Mediterranean will become a desert unless global warming is limited to 1.5CÃ‚Â»,2,
It's #2016 and I can't believe people still don't believe in climate change its effing science.,2,
Respecting First Nations sovereignty. Fighting petrocapitalism. Standing up against climate change. Get after it. #NoDAPL,2,
RT @greenpeaceusa: Did you miss the premier of @LeoDiCaprio's climate change documentary #BeforeTheFlood yesterday? Catch up here &gt;&gt; https:Ã¢â‚¬Â¦,2,
RT @grist: .@LeoDiCaprioÃ¢â‚¬â„¢s new climate change film is now streaming https://t.co/fyeAxAr54C #BeforeTheFlood https://t.co/UYRZXfVWn2,1,
A huge climate change victory just happened in Rwanda Ã¢â‚¬â€ and few peopleÃ‚ noticed https://t.co/bUNb0tPnfP https://t.co/u7JwYEWChC,2,
"@annaa_page I asked my dad to watch this documentary that just came out on climate change, and legit turned it into a trump vs hillary thing",1,
RT @NiaAmari__: When everyone's glad it's 80 degree weather in October but you can't stop thinking about global warming https://t.co/g7oaRtÃ¢â‚¬Â¦,2,
"RT @explicithooker: me: Leo come over
Leo: i can't im busy
me: my friend said global warming isn't real
Leo: https://t.co/kveRTYlpIi",1,
"@chefBOYERdee1 Al Gore, creator of the internet and global warming.",1,
RT @eiratansey: Prepping for my talk at #pasignyc and thinking about how #NoDAPL is not just about climate change or water but abouÃ¢â‚¬Â¦,2,
RT @MattMcGorry: Important article on need 2 not make #NoDAPL JUST about climate change thus erasing the struggle for Native rightsÃ¢â‚¬Â¦,2,
"RT @CatalyticRxn: Trend is toward increased acceptance of climate change, but acceptance that it's human-caused is flat. #science2016electiÃ¢â‚¬Â¦",1,
"RT @NatGeoChannel: Watch #BeforeTheFlood right here, as @LeoDiCaprio travels the world to tackle climate change https://t.co/LkDehj3tNn httÃ¢â‚¬Â¦",2,
Watch on #Periscope: global warming Winston Neace https://t.co/TaPQ4b7EYJ,1,
@bmastenbrook yes wrote that in 3rd yr Comp Sci ethics part. Was told by climate change denying Lecturer that I was wrong &amp; marked down.,2,
National Geographic's climate change doc with DiCaprio is on YouTube https://t.co/xJHabX2CUv,1,
RT @RickyGoss: I don't get why climate change is a political issue when it is clearly a scientific fact.,2,
How do ghosts cool their environment and could we use that to combat global warming? #funny,1,
@sir_mycroft @Guiteric100 @rickygervais It's like not believing in global warming. You opposing war doesn't make the world a peaceful place.,2,
"RT @NatGeoChannel: Watch #BeforeTheFlood right here, as @LeoDiCaprio travels the world to tackle climate change https://t.co/LkDehj3tNn httÃ¢â‚¬Â¦",2,
"RT @NatGeoChannel: Watch #BeforeTheFlood right here, as @LeoDiCaprio travels the world to tackle climate change https://t.co/LkDehj3tNn httÃ¢â‚¬Â¦",2,
"RT @iansomerhalder: IF Millennials do NOT get out and vote we are doomed.This is OUR future.Lets do this.Fixing climate change, womens' rigÃ¢â‚¬Â¦",2,
"RT @explicithooker: me: Leo come over
Leo: i can't im busy
me: my friend said global warming isn't real
Leo: https://t.co/kveRTYlpIi",1,
"@alroker AL. I might be related to wright brothers, and i think I just solved global warming. I sent emails to everyone!",1,
"9 ways global warming is affecting daily life: Lakes disappearing, drinking water supply at risk https://t.co/TPK7Di859X via @EnvDefenseFund",2,
"#weather Mediterranean to become desert unless global warming limited to 1.5Ã‚Â°C, study warns Ã¢â‚¬â€œ Inhabitat https://t.co/xm4Zq3X8kp #forecast",2,
"#weather Mediterranean to become desert unless global warming limited to 1.5Ã‚Â°C, study warns Ã¢â‚¬â€œ Inhabitat https://t.co/DJKmdnWYDa #forecast",2,
"RT @NatGeoChannel: Watch #BeforeTheFlood right here, as @LeoDiCaprio travels the world to tackle climate change https://t.co/LkDehj3tNn httÃ¢â‚¬Â¦",2,
"RT @CatalyticRxn: Term 'global warming' was more controversial, among conservatives than 'climate change'. Liberals didn't care. #sciwri16",1,
Watch Leonardo DiCaprio's climate change documentary free for limited time https://t.co/xCXLUJ3WCC https://t.co/vfpPFL4039,1,
RT @thinkprogress: Will global warming help drive record election turnout? https://t.co/r7M77EAXeC https://t.co/detOUvCCWr,2,
Alberta Tories are losing a big issue they've used to attack Notley's approach to climate change. https://t.co/VFqCYcKmuR,2,
RT @_madisonwalsh_: if you don't believe in global warming come to tallahassee rn,2,
RT @credfernjr: We just entered an alarming 'new era' of global warming https://t.co/WlTaD5O4km via @mashable,2,
RT @retroJACE: global warming real as hell. al gore told us. leo dicaprio keep tryna tell us. its 82 degrees and its halloween. sumn aint rÃ¢â‚¬Â¦,2,
Listen to 58 years of climate change in one minute - PBS NewsHour https://t.co/Y49dKmP01S https://t.co/aPrUrG3tuC,2,
@RonBaalke @Newegg and with climate change we can expect asteroids to become more frequent and powerful,1,
"RT @NatGeoChannel: Watch #BeforeTheFlood right here, as @LeoDiCaprio travels the world to tackle climate change https://t.co/LkDehj3tNn httÃ¢â‚¬Â¦",2,
RT @Jon_Pantaloon: I swear if it's 80 degrees on Christmas again I will personally defeat global warming. Revenge is a dish best-served cold,2,
"RT @NatGeoChannel: Watch #BeforeTheFlood right here, as @LeoDiCaprio travels the world to tackle climate change https://t.co/LkDehj3tNn httÃ¢â‚¬Â¦",2,
"@CertainSm1 IÃ¢â‚¬â„¢m creating a new think tank for climate change, would you join and post your tweet also at https://t.co/u1UbQXLmrF ?",2,
Recent pattern of cloud cover may have masked some global warming https://t.co/S3ahtG8xfC,2,
Satellites help scientists see forests for the trees amid climate change https://t.co/WQVSXAmmOL via @physorg_com,2,
"RT @NatGeoChannel: Watch #BeforeTheFlood right here, as @LeoDiCaprio travels the world to tackle climate change https://t.co/LkDehj3tNn httÃ¢â‚¬Â¦",2,
RT @NewsHour: Listen to 58 years of climate change in one minute https://t.co/3yHZ7omEsT (via @KUOW and @EarthFixMedia),2,
RT @grist: .@LeoDiCaprioÃ¢â‚¬â„¢s new climate change film is now streaming https://t.co/fyeAxAr54C #BeforeTheFlood https://t.co/UYRZXfVWn2,1,
Satellites help scientists see forests for the trees amid climate change - https://t.co/5BO6g7n50p https://t.co/VxlncRmFMf,2,
RT @retroJACE: global warming real as hell. al gore told us. leo dicaprio keep tryna tell us. its 82 degrees and its halloween. sumn aint rÃ¢â‚¬Â¦,2,
"RT @NatGeoChannel: Watch #BeforeTheFlood right here, as @LeoDiCaprio travels the world to tackle climate change https://t.co/LkDehj3tNn httÃ¢â‚¬Â¦",2,
RT @cieriapoland: this halloween gets a lot scarier when you consider that bc of global warming it's 80 degrees in October &amp; we are destroyÃ¢â‚¬Â¦,2,
"RT @GPUSyouth: Exactly, fixing the economy &amp; addressing climate change w/ an emergency #GreenNewDeal IS 'dire,' @MDSienzant. Ã°Å¸Å’Â³@LavenderGreeÃ¢â‚¬Â¦",2,
RT @cieriapoland: this halloween gets a lot scarier when you consider that bc of global warming it's 80 degrees in October &amp; we are destroyÃ¢â‚¬Â¦,2,
RT @smerconish: 'For there not to be a single question on climate change during the debates boggles the mind...' @MichaelEMann on #debate QÃ¢â‚¬Â¦,2,
"Is this who we really want to be? A nation with a leader who promotes bigotry, racism, anti-women, anti-journalism, anti-climate change?",2,
RT @xeni: #Halloween's ok but if you really wanna get scared watch this new @NatGeoÃ¢â‚¬â€¹ climate change doc with @LeoDiCaprio https://t.co/rUFMÃ¢â‚¬Â¦,2,
"RT @NatGeoChannel: Watch #BeforeTheFlood right here, as @LeoDiCaprio travels the world to tackle climate change https://t.co/LkDehj3tNn httÃ¢â‚¬Â¦",2,
"100% agree with @DrJillStein on climate change. The choices in this election look to be 100 steps backwards, 50 steps forward, or zero.",2,
RT @BoingBoing: #Halloween's ok but if you really wanna get scared watch this new @NatGeoÃ¢â‚¬â€¹ climate change doc with @LeoDiCaprio https://t.cÃ¢â‚¬Â¦,2,
75 degrees in StL on last day in October. I am all for this global warming hoax!,1,
Y'all still don't believe in global warming SMH https://t.co/T4Bdp0BSMJ,2,
Everyone must watch #BeforetheFlood. Great documentary produced by @LeoDiCaprio &amp; his team showing effects of climate change. Eye-opening,2,
"@AngieNBC6 you do understand that climate change is natural, not necessarily caused by humans. It snowed in Miami, and the atlantic froze",0,
Recent pattern of cloud cover may have masked some global warming https://t.co/GmEGtigEhk,2,
"Google is being very odd, we know they manipulate search results, but I woke up to a climate change documentary loaded up on YouTube...(1/2)",1,
RT @GreenPartyUS: The human cost of climate change is too high. We need to get off fossil fuels and on to renewable energy by 2030 if we hoÃ¢â‚¬Â¦,2,
RT @COP22: In 4 days the most ambitious climate change agreement in history enters into force. Have you read #ParisAgreement?Ã¢â‚¬Â¦,1,
RT @JuanH_18: it's the last day of fucking October and it feels like fucking spring smh shout out fucking global warming one time,2,
Niggas asked me what my inspiration was l said global warming.,1,
"RT @NatGeoChannel: Watch #BeforeTheFlood right here, as @LeoDiCaprio travels the world to tackle climate change https://t.co/LkDehj3tNn httÃ¢â‚¬Â¦",2,
"They ask me my inspiration I tell em global warming, too cozy",1,
"RT @s_guilbeault: Canada not ready for climate change, report warns https://t.co/5YWljFkdA3",2,
Probably the scariest thing you'll watch this Halloween. Leonardo Di Caprio's climate change documentary https://t.co/yOYFB5Oi2P,2,
"RT @NatGeoChannel: Watch #BeforeTheFlood right here, as @LeoDiCaprio travels the world to tackle climate change https://t.co/LkDehj3tNn httÃ¢â‚¬Â¦",2,
RT @NatGeoChannel: One of the easiest ways to help combat climate change in your daily life is to stop eating beef. Here's why:Ã¢â‚¬Â¦,2,
RT @cieriapoland: this halloween gets a lot scarier when you consider that bc of global warming it's 80 degrees in October &amp; we are destroyÃ¢â‚¬Â¦,2,
RT @UNHumanRights: Main emitters of greenhouse gas must help vulnerable countries like Madagascar avoid worst effects of climate change httÃ¢â‚¬Â¦,2,
"RT @adamelman: 8 disgusting side effects of climate change
https://t.co/LrwfTzF3XG",2,
RT @NatGeoChannel: One of the easiest ways to help combat climate change in your daily life is to stop eating beef. Here's why:Ã¢â‚¬Â¦,2,
RT @jankivelli: global warming is so real man.,2,
RT @GlobalWarming36: Recent pattern of cloud cover may have masked some global warming - Ars Technica https://t.co/L15R1QEA8J,2,
"RT @NatGeoChannel: Watch #BeforeTheFlood right here, as @LeoDiCaprio travels the world to tackle climate change https://t.co/LkDehj3tNn httÃ¢â‚¬Â¦",2,
RT @SenSanders: The Dakota Access Pipeline would be a huge blow to our fight against climate change. #NoDAPL https://t.co/47m6yUu4m5,2,
"RT @NatGeoChannel: Watch #BeforeTheFlood right here, as @LeoDiCaprio travels the world to tackle climate change https://t.co/LkDehj3tNn httÃ¢â‚¬Â¦",2,
@POTUS watching @LeoDiCaprio docu. Funny you talk up doing something about climate change yet do nothing on #DAPL #NoDAPL #ClimateAction,2,
RT @YEARSofLIVING: Celeb-packed 'Years of Living Dangerously' wants to make climate change a voting issue https://t.co/JLCnrZMtuv viaÃ¢â‚¬Â¦,2,
RT @NatureEcoEvo: Using palaeoecological data increases magnitude of predicted plant species response to climate changeÃ¢â‚¬Â¦,2,
"RT @NatGeoChannel: Watch #BeforeTheFlood right here, as @LeoDiCaprio travels the world to tackle climate change https://t.co/LkDehj3tNn httÃ¢â‚¬Â¦",2,
RT @COP22: In 4 days the most ambitious climate change agreement in history enters into force. Have you readÃ¢â‚¬Â¦Ã¢â‚¬Â¦Ã¢â‚¬Â¦Ã¢â‚¬Â¦Ã¢â‚¬Â¦Ã¢â‚¬Â¦ https://t.co/KqFyyWF8uD,1,
"@highwaystarzo 1 of the benefits of global warming &amp; international terrorism,is that more people are holidaying in England,ill drink to that",1,
"RT @NatGeoChannel: Watch #BeforeTheFlood right here, as @LeoDiCaprio travels the world to tackle climate change https://t.co/LkDehj3tNn httÃ¢â‚¬Â¦",2,
@TL_Wiese @HillaryClinton @realDonaldTrump He's hot headed and vindictive. He's pro use of nukes. He thinks climate change is a hoax.,2,
Thinking wonÃ¢â‚¬â„¢t stop climate change https://t.co/X2UMmx3VZ1,2,
RT @ddale8: Trump again vows to cancel the US contribution to the UN climate change program and spend it on clean water and clean air in AmÃ¢â‚¬Â¦,1,
"RT @PCGTW: If you want to fight climate change, you must fight to #StopTPP says @foe_us ' @wwaren1 https://t.co/F9c78bvNj5 https://t.co/GPZÃ¢â‚¬Â¦",2,
@fisherstevensbk #beforetheflood taught me more about climate change than my entire formal education!! insightful and bold!!,2,
"RT @NatGeoChannel: Watch #BeforeTheFlood right here, as @LeoDiCaprio travels the world to tackle climate change https://t.co/LkDehj3tNn httÃ¢â‚¬Â¦",2,
"Im constantly on the verge of a climate change rampage 
WE ARE KILLING EARTH PEOPLE WAKE UP",2,
RT @UN: 12 #globalgoals are directly linked to climate change. The #ParisAgreement is crucial to achieve them.Ã¢â‚¬Â¦,2,
"@michellemalkin Trump wins election &amp; he is now a catalyst for climate change in Wash. No more cush jobs, they will be accountable,nopension",1,
RT @BitsieTulloch: Happy Ã°Å¸â€™â‚¬Ã°Å¸Å½Æ’Ã°Å¸â€¢Â¸! Want to see something truly scary? @NatGeo &amp; @LeoDiCaprio made a great documentary about global warming: httpÃ¢â‚¬Â¦,2,
"RT @CECHR_UoD: Indian farmers fight against climate change using trees as a weapon
https://t.co/rMz1xbJJ0P #Agroforestry gaining tÃ¢â‚¬Â¦",2,
RT @PeteMadigan: Everyone needs to watch the incredible #BeforetheFlood documentary produced by @LeoDiCaprio on climate changeÃ¢â‚¬Â¦,2,
Cloudy feedback on global warming - https://t.co/fS6IM9qPWD https://t.co/5j7XG3L2Gz #global https://t.co/QYBMGHItzg,2,
"RT @NatGeoChannel: Watch #BeforeTheFlood right here, as @LeoDiCaprio travels the world to tackle climate change https://t.co/LkDehj3tNn httÃ¢â‚¬Â¦",2,
"RT @ABCPolitics: .@realDonaldTrump vows to cancel 'billions' in climate change funds to UN, adds 'I'm an environmentalist' https://t.co/P1HÃ¢â‚¬Â¦",2,
"Canada not ready for climate change, report warns - The Globe and Mail - we have no time https://t.co/24FxzrroQC",2,
"Global Climate Action Agenda at #COP22

Governments alone cannot solve global warming. Climate change affects us... https://t.co/GX7MzMhhfO",2,
The new @NatGeo &amp; @LeoDiCaprio documentary on climate change #BeforeTheFlood is on Youtube. https://t.co/L4T7hhCrN8,2,
"RT @Iad3uxieme: What do you think of global warming?

'If niggas stopped drivin their moms car all day &amp; got jobs, it'd be less smoke in thÃ¢â‚¬Â¦",1,
RT @TimWeisAB: Canada not ready for climate change: University of Waterloo report https://t.co/lHK1y5sWIz,2,
"RT @NatGeoChannel: Watch #BeforeTheFlood right here, as @LeoDiCaprio travels the world to tackle climate change https://t.co/LkDehj3tNn httÃ¢â‚¬Â¦",2,
RT @Seasaver: If everyone who tweets about halloween tweeted about genuinely terrifying things like climate change &amp; overfishingÃ¢â‚¬Â¦,2,
RT @sloat24: Damn I wish global warming was this good when I was a kid so I coulda trick or treated in 70 degree weather,1,
RT @FlakesOnATrain: .@carolinelucas is right to highlight the vital importance of upland peat in climate change. Depressingly she is dismiÃ¢â‚¬Â¦,2,
The worst thing about global warming is it allows people to wear flip-flops in public later on into the year.,1,
"@rbsralaw 270 minutes of debate time, zero questions on climate change or education policy. ISIS! Emails! NAFTA!",2,
RT @NatGeoChannel: One of the easiest ways to help combat climate change in your daily life is to stop eating beef. Here's why:Ã¢â‚¬Â¦,2,
"RT @NatGeoChannel: Watch #BeforeTheFlood right here, as @LeoDiCaprio travels the world to tackle climate change https://t.co/LkDehj3tNn httÃ¢â‚¬Â¦",2,
Company directors to face penalties for ignoring climate change #auspol politicians should too https://t.co/sHkGVfRQUm,2,
RT @andrea_illy: Coffee must adapt to climate change and requires industry wide coordination. https://t.co/RvbFcU3cR8,2,
"RT @NatGeoChannel: Watch #BeforeTheFlood right here, as @LeoDiCaprio travels the world to tackle climate change https://t.co/LkDehj3tNn httÃ¢â‚¬Â¦",2,
"RT @NatGeoChannel: Watch #BeforeTheFlood right here, as @LeoDiCaprio travels the world to tackle climate change https://t.co/LkDehj3tNn httÃ¢â‚¬Â¦",2,
"RT @TimotheusW: Harrowing read about the relentless pursuit of #CSG in #Australia - 'Australia isnÃ¢â‚¬â„¢t Ã¢â‚¬Å“tacklingÃ¢â‚¬ï† climate change, weÃ¢â‚¬Â¦",2,
If global warming continues at the current pace it will change the Mediterranean regi ... #Tattoos #Funny #DIY https://t.co/w2MCVii09L,2,
RT @PASmsu2: Lake response to climate change: water clarity may be as imp as air temp. New in L&amp;O Letters @aslo_org @kevcroseÃ¢â‚¬Â¦,2,
RT @World_Wildlife: Saving forests is crucial to fighting climate change. WWF's Josefina BraÃƒÂ±a-Varela blogs for #BeforetheFlood: https://t.Ã¢â‚¬Â¦,2,
@realDonaldTrump for president... now he just needs to realize the reality of climate change amongst a few other things #ivoted,2,
"RT @NatGeoChannel: Watch #BeforeTheFlood right here, as @LeoDiCaprio travels the world to tackle climate change https://t.co/LkDehj3tNn httÃ¢â‚¬Â¦",2,
"stp with the global climate change, put your efforts toward selling the sizzel EV's and PV's the key is more homes with solar #solarchat",2,
Leo's climate change documentary is so epic. He's amazing.,2,
"Canada not ready for catastrophic effects of climate change, report warns: The report graded each province an... https://t.co/ySQgh5QpKa",2,
RT @GlblCtzn: HereÃ¢â‚¬â„¢s what you need to know about Leonardo DiCaprioÃ¢â‚¬â„¢s climate change film. https://t.co/iqsmOmRlTk,1,
RT @Jackthelad1947: Company directors to face penalties for ignoring climate change #auspol politicians should too https://t.co/sHkGVfRQUm,2,
"RT @NatGeoChannel: Watch #BeforeTheFlood right here, as @LeoDiCaprio travels the world to tackle climate change https://t.co/LkDehj3tNn httÃ¢â‚¬Â¦",2,
RT @og_mr_d: Before the Flood wasn't perfect documentary but it got the message right: America isn't doing enough to fight climate change #Ã¢â‚¬Â¦,2,
RT @GlblCtzn: HereÃ¢â‚¬â„¢s what you need to know about Leonardo DiCaprioÃ¢â‚¬â„¢s climate change film. https://t.co/iqsmOmRlTk,1,
RT @UN: 12 #globalgoals are directly linked to climate change. The #ParisAgreement is crucial to achieve them.Ã¢â‚¬Â¦,2,
"RT ClimateReality: Clean energy proves there are real, solid solutions to climate change that make economic sense!Ã¢â‚¬Â¦ https://t.co/MSocrJEYA9",2,
RT @UN: 12 #globalgoals are directly linked to climate change. The #ParisAgreement is crucial to achieve them.Ã¢â‚¬Â¦,2,
RT @TheEconomist: Uncoupling emissions growth and economic expansion is important for slowing climate change https://t.co/TnjMRQSU5V https:Ã¢â‚¬Â¦,2,
RT @LaceyGreve13: People who denounce climate change be like: https://t.co/YcdGfTctcy,1,
RT @TheEconomist: Uncoupling emissions growth and economic expansion is important for slowing climate change https://t.co/TnjMRQSU5V https:Ã¢â‚¬Â¦,2,
RT @umSoWutDntCare: @MrJamesonNeat @PatrickMurphyFL Florida you need Dems in office to get things done with climate change! #VoteBlueNoMattÃ¢â‚¬Â¦,2,
"RT @NatGeoChannel: Watch #BeforeTheFlood right here, as @LeoDiCaprio travels the world to tackle climate change https://t.co/LkDehj3tNn httÃ¢â‚¬Â¦",2,
"RT @Waterkeeper: Stream Before the Flood, a new film about climate change by @LeoDiCaprio &amp; Fisher Stevens, for free. https://t.co/uRaXqAriÃ¢â‚¬Â¦",1,
"RT @globalwinnipeg: Canada not ready for catastrophic effects of climate change, report warns https://t.co/EyLEOsg8XE",2,
"Clouds are impeding global warmingÃ¢â‚¬Â¦ for now: 

Lawrence Livermore National Laboratory researchers have id... https://t.co/Ny25lbS6S0",2,
#Halloween's ok but if you really wanna get scared watch the new @NatGeoÃ¢â‚¬â€¹ climate change doc with @LeoDiCaprio https://t.co/W0txddoeQZ,2,
RT @ddale8: Trump again vows to cancel the US contribution to the UN climate change program and spend it on clean water and clean air in AmÃ¢â‚¬Â¦,1,
"That climate change story you've always wanted to tell? 
Now's the time. #ClimateAction Film Contest. https://t.co/NAQGPzRcuW",2,
RT @NatGeoChannel: One of the easiest ways to help combat climate change in your daily life is to stop eating beef. Here's why:Ã¢â‚¬Â¦,2,
"#ClimateChange #CC Polar vortex shifting due to climate change, extending winter, study ... https://t.co/7UhFTFzXDQ #UniteBlue #Tcot :-(",2,
RT @IndieWire: Watch Leonardo DiCaprio's climate change doc #BeforeTheFlood for free online https://t.co/g3iUV8yU0u https://t.co/LVXS17ILSn,1,
RT @ColeLedford11: polar bears for global warming. https://t.co/PqPcElsKkt,1,
"RT @ParantoKristine: So proud of Leo Decapriro hard work on climate change, I believe it's part of his destiny, I believe we're in a criÃ¢â‚¬Â¦",2,
"Before the Flood - National Geographic - Join Leonardo DiCaprio as he explores the topic of climate change.
https://t.co/s4srIqRO2i",2,
"RT @NatGeoChannel: Watch #BeforeTheFlood right here, as @LeoDiCaprio travels the world to tackle climate change https://t.co/LkDehj3tNn httÃ¢â‚¬Â¦",2,
@bhandel58 climate change is not the only thing of importance going on in the world. Role of govt is not to try to be the sun.,2,
RT @climateprogress: Will global warming help drive record election turnout? https://t.co/R6Ig2hH2th https://t.co/4r7Z5j3QJz,2,
RT @UN: 12 #globalgoals are directly linked to climate change. The #ParisAgreement is crucial to achieve them.Ã¢â‚¬Â¦,2,
Fuck all the people who don't believe in global warming it's real and we need to actually need to pay attention to it,2,
RT @SenSanders: The Dakota Access Pipeline would be a huge blow to our fight against climate change. #NoDAPL https://t.co/47m6yUu4m5,2,
"If scientists can't convince the US that climate change is real, how can its citizens convince eachother to change?",2,
"RT @NatGeoChannel: Watch #BeforeTheFlood right here, as @LeoDiCaprio travels the world to tackle climate change https://t.co/LkDehj3tNn httÃ¢â‚¬Â¦",2,
Adapting to climate change.. https://t.co/N2jbgezAQ0,2,
"RT @NatGeoChannel: Watch #BeforeTheFlood right here, as @LeoDiCaprio travels the world to tackle climate change https://t.co/LkDehj3tNn httÃ¢â‚¬Â¦",2,
We don't need to be an indigenous person to show support. Its time to treat the NATIVE right and take climate change seriously #NoDAPL,2,
RT @MikeBloomberg: .@LeoDiCaprio's #BeforetheFlood on @NatGeoChannel tonight puts focus on reality of climate change &amp; need for action. httÃ¢â‚¬Â¦,2,
@RepDonBeyer Be sure to personally invite me to this like you said you did at the climate change forum. Never got it https://t.co/yvDkF8D6P2,1,
"RT @RisingSign: @MolonLabeNews Will do further research on this and get back to you. Still even with this, climate change is real &amp; so isÃ¢â‚¬Â¦",2,
RT @ClimateCentral: This is what it's like to be a young climate scientist in the age of climate change https://t.co/QX7wfvDA6w https://t.cÃ¢â‚¬Â¦,2,
Join LeoDiCaprio as he searches for answers on the issue of climate change. #BeforeTheFlood starts now! https://t.co/F9qQbLKpAa,2,
RT @NatGeoChannel: Join @LeoDiCaprio as he searches for answers on the issue of climate change. #BeforeTheFlood starts now! https://t.co/qcÃ¢â‚¬Â¦,2,
RT @MitchkaSaberi: everyone turn on your TVs to Nat Geo and watch @LeoDiCaprio's Before the Flood!! climate change is such an important issÃ¢â‚¬Â¦,2,
"@goodthngs IÃ¢â‚¬â„¢m creating a new think tank for climate change, would you join and post your tweet also at https://t.co/u1UbQXLmrF ?",2,
This whole global warming thing really is unfortunate...,2,
"RT @DivestDal: Innocent babes not getting tattooed, still branded children of the climate change era. #Birthmark https://t.co/54Kan43mEf",1,
RT @mashable: You can watch Leonardo DiCaprio's climate change documentary right here https://t.co/pvNXz5C7tb https://t.co/uaq41XAXIJ,1,
Listen to 58 years of climate change in one minute https://t.co/gp55aMnKof,2,
"RT @NatGeoChannel: Watch #BeforeTheFlood right here, as @LeoDiCaprio travels the world to tackle climate change https://t.co/LkDehj3tNn httÃ¢â‚¬Â¦",2,
"RT @NatGeoChannel: Watch #BeforeTheFlood right here, as @LeoDiCaprio travels the world to tackle climate change https://t.co/LkDehj3tNn httÃ¢â‚¬Â¦",2,
"@PracticalDoggo the main goal is to protect species from over fishing and allow them to repopulate, not to protect them from global warming",1,
RT @mymodernmet: Photographer @thevonwong raises awareness for victims of climate change with epic shoot on a bed of lavaÃ¢â‚¬Â¦,2,
"My little Owlette saved halloween, the election, climate change, and negativity. She's SO SPECIAL!!! https://t.co/EglW9mhBHX",1,
"RT @NatGeoChannel: Watch #BeforeTheFlood right here, as @LeoDiCaprio travels the world to tackle climate change https://t.co/LkDehj3tNn httÃ¢â‚¬Â¦",2,
I want this but I live in Texas and every season is now global warming https://t.co/nC6HRoZJBs,1,
RT @MattMcGorry: Important article on need 2 not make #NoDAPL JUST about climate change thus erasing the struggle for Native rightsÃ¢â‚¬Â¦,2,
"Remember when #Trump bragged about committing sexual assault, disregarded the Geneva conventions, and called climate change a hoax?",2,
RT @thisisoutspeak: Meet @XiuhtezcatlM who is leading a charge against climate change with #GenerationRYSE https://t.co/CethVGMRcW https://Ã¢â‚¬Â¦,2,
"@crisastoc IÃ¢â‚¬â„¢m creating a new think tank for climate change, would you join and post your tweet also at https://t.co/u1UbQXLmrF ?",2,
RT @CostaSamaras: Talked about climate change/adaptation w/ the first-year engineers today. Said: not an envt'l issue; rather it'll affectÃ¢â‚¬Â¦,1,
"Lois Barber: Nuclear weapons, climate change reasons to back Clinton: Trump has called for a huge military bu... https://t.co/At2JaFyMUv",2,
If you haven't watched this yet you really need to. climate change is only going to get worse. https://t.co/RNhQyu2L9t,2,
"And people say global warming doesn't exist. So that's why we have summer weather in fall right? Okay.

Ã°Å¸Ëœâ€šÃ°Å¸Ëœâ€šÃ°Å¸Ëœâ€šÃ°Å¸Ëœâ€š https://t.co/i9aGIIL17M",2,
Nigga asked me what's my inspiration I said global warming,1,
RT @NatGeoChannel: Join @LeoDiCaprio as he searches for answers on the issue of climate change. #BeforeTheFlood starts now! https://t.co/qcÃ¢â‚¬Â¦,2,
That's crazy that some politicians still don't believe in global warming.,2,
@ANI_news I doubt this would work. Plus it added more to existing pollution levels and worsened global warming,2,
Polar bears for global warming. Fish for water pollution. https://t.co/jscxJNw7Js,1,
Americans are even less worried about Russia than climate change.,1,
"RT @Waterkeeper: Stream Before the Flood, a new film about climate change by @LeoDiCaprio &amp; Fisher Stevens, for free. https://t.co/uRaXqAriÃ¢â‚¬Â¦",1,
RT @mitchellvii: Americans are even less worried about Russia than climate change.,1,
"#ClimateChange: For New York, climate change is an immediate existential threat.: https://t.co/VjNr9RslK0",2,
RT @mitchellvii: Americans are even less worried about Russia than climate change.,1,
RT @mitchellvii: Americans are even less worried about Russia than climate change.,1,
RT @savbrock: It's almost 90 degrees outside on Halloween and some of y'all are still denying the legitimacy of global warming Ã°Å¸Â¤â€,2,
RT @UN: 12 #globalgoals are directly linked to climate change. The #ParisAgreement is crucial to achieve them.Ã¢â‚¬Â¦,2,
RT @mitchellvii: Americans are even less worried about Russia than climate change.,1,
RT @mitchellvii: Americans are even less worried about Russia than climate change.,1,
RT @grist: .@LeoDiCaprioÃ¢â‚¬â„¢s new climate change film is now streaming https://t.co/YZypinNHXZ #BeforeTheFlood https://t.co/kdcQ5VNVxZ,1,
"RT @shanmutweets: Very good, impactful doc from @LeoDiCaprio got to take big steps for a positive climate change #climatechange https://t.Ã¢â‚¬Â¦",2,
RT @ReinaDeAfrica_: When you know this unusually warm weather in October is due to global warming and climate change but you still kindÃ¢â‚¬Â¦,2,
@LeoDiCaprio thank you for the eye opening documentary. If you want a real and true portrait of climate change watch #BeforeTheFlood NOW!!,2,
RT @NatGeoChannel: Join @LeoDiCaprio as he searches for answers on the issue of climate change. #BeforeTheFlood starts now! https://t.co/qcÃ¢â‚¬Â¦,2,
RT @ClimateCentral: This is what it's like to be a young climate scientist in the age of climate change https://t.co/QX7wfvDA6w https://t.cÃ¢â‚¬Â¦,2,
"RT @NatGeoChannel: Watch #BeforeTheFlood right here, as @LeoDiCaprio travels the world to tackle climate change https://t.co/LkDehj3tNn httÃ¢â‚¬Â¦",2,
"Polar vortex shifting due to climate change, extending winter, study finds
 https://t.co/62FyvFmvDK",2,
RT @IndieWire: Watch Leonardo DiCaprio's climate change doc #BeforeTheFlood for free online https://t.co/g3iUV8yU0u https://t.co/LVXS17ILSn,1,
RT @erinisconfused: watching the leo dicaps climate change doc n waiting for him to vape a huge blueberry flavoured cloud into our gd atmosÃ¢â‚¬Â¦,1,
#SDG13 is a call to take urgent action to combat #climate change and its impacts. Join the movement:Ã¢â‚¬Â¦ https://t.co/BqxZ5ZkBjv,2,
@PDChina Its global warming..,1,
I'm not even ready to watch Before the Flood bc it's gonna make me hella emotional &amp; angry at people for not caring about global warming,2,
"RT @trojan719: Why don't you fucking global warming idiots just go away,! Get a real job for a change'.",0,
Watching Bill Nye the Science Guy special on climate change. One dude just leaves us 15 more years to survive. Doomed,2,
Ã¢â‚¬Å“Will global warming help drive record election turnout?Ã¢â‚¬ï† by @climateprogress https://t.co/PEcabzBhxe,2,
RT @DeclanMcKenna: There a lot of things I don't agree with that I won't call you a goose for but if you don't believe climate change is aÃ¢â‚¬Â¦,2,
RT @WISTERIAJACK: polar bears for climate change https://t.co/ekeInuXuf5,1,
"RT @NatGeoChannel: Watch #BeforeTheFlood right here, as @LeoDiCaprio travels the world to tackle climate change https://t.co/LkDehj3tNn httÃ¢â‚¬Â¦",2,
"RT @NatGeoChannel: Watch #BeforeTheFlood right here, as @LeoDiCaprio travels the world to tackle climate change https://t.co/LkDehj3tNn httÃ¢â‚¬Â¦",2,
"Supreme Court, building on healthcare, climate change...#ButHillarysEmails",2,
"RT @NatGeoChannel: Watch #BeforeTheFlood right here, as @LeoDiCaprio travels the world to tackle climate change https://t.co/LkDehj3tNn httÃ¢â‚¬Â¦",2,
RT @aroseadam: Need bedtime reading? Our modeling paper on the effects of realistic climate change on food webs is out! https://t.co/VvaWIoÃ¢â‚¬Â¦,2,
RT @mitchellvii: Americans are even less worried about Russia than climate change.,1,
RT @planetizen: For the good of the planet: a series of four courses on local actions for climate change. https://t.co/2k9vZipnN9 https://tÃ¢â‚¬Â¦,2,
RT @SEIclimate: Transnational #climate change impacts: An entry point to enhanced global cooperation on #adaptation?Ã¢â‚¬Â¦,2,
"RT @NatGeoChannel: Watch #BeforeTheFlood right here, as @LeoDiCaprio travels the world to tackle climate change https://t.co/LkDehj3tNn httÃ¢â‚¬Â¦",2,
@NWSSeattle is this climate change or just weather?,1,
"RT @NatGeoChannel: Watch #BeforeTheFlood right here, as @LeoDiCaprio travels the world to tackle climate change https://t.co/LkDehj3tNn httÃ¢â‚¬Â¦",2,
#Halloween's ok but if you really wanna get scared watch @NatGeo's newÃ¢â‚¬â€¹ climate change doc with @LeoDiCaprioÃ¢â‚¬Â¦ https://t.co/RGb4ixueW7,2,
"RT @NatGeoChannel: Watch #BeforeTheFlood right here, as @LeoDiCaprio travels the world to tackle climate change https://t.co/LkDehj3tNn httÃ¢â‚¬Â¦",2,
Leo DiCaprio whining about his future kids not being able to see snow when the best way to stop climate change is to not have kids. Ã°Å¸Ëœâ€™,2,
RT @greenpeaceusa: Did you miss the premier of @LeoDiCaprio's climate change documentary #BeforeTheFlood yesterday? Catch up here &gt;&gt; https:Ã¢â‚¬Â¦,2,
National GeographicÃ¢â‚¬â„¢s climate change documentary with Leonardo DiCaprio is now on YouTube https://t.co/S8IbXczGgt via #thenextweb,1,
RT @COP22: In 4 days the most ambitious climate change agreement in history enters into force. Have you read #ParisAgreement?Ã¢â‚¬Â¦,1,
Glaciers for global warming https://t.co/oZH6LGNse5,1,
"@inferillum @johnpodesta @ChadHGriffin sister, and his views on the pipelines, climate change issues is endgame for me. I can't do it.",1,
A must watch documentary on global warming. https://t.co/qBVPjWw5RW,2,
RT @JasonSalsaBoy: friendly reminder that its still hot this time of year bc of global warming brought on by people and possibly even reptiÃ¢â‚¬Â¦,2,
RT @TheMisterFavor: #NationalGeographicÃ¢â‚¬â„¢s climate change documentary with #LeonardoDiCaprio is now on #YouTube! https://t.co/yEA6kinX2AÃ¢â‚¬Â¦,2,
In the end of October CAREC experts on climate change and sustainable energy met with Nazarbayev UniversityÃ¢â‚¬â„¢s team https://t.co/Kw7KdLQ6EX,1,
Highly recommend #BeforeTheFlood documentary on climate change for a truly terrifying wake up call this Halloween. https://t.co/i1gsKi7F02,2,
Top university stole millions from taxpayers by faking global warming research https://t.co/WwvfhILc3q #earthfirst https://t.co/xQcKibuPBb,2,
RT @BitsieTulloch: Happy Ã°Å¸â€™â‚¬Ã°Å¸Å½Æ’Ã°Å¸â€¢Â¸! Want to see something truly scary? @NatGeo &amp; @LeoDiCaprio made a great documentary about global warming: httpÃ¢â‚¬Â¦,2,
RT @mitchellvii: Americans are even less worried about Russia than climate change.,1,
"RT @ramonbautista: Numinipis na ang yelo sa Arctic Circle, pati si Santa nangangayayat na. Nakakatakot talaga ang global warming https://t.Ã¢â‚¬Â¦",1,
"RT @WorldResources: Reflections on Leonardo DiCaprioÃ¢â‚¬â„¢s new #climate change film, #BeforeTheFlood https://t.co/YRrLgtZRbc https://t.co/A0tWUÃ¢â‚¬Â¦",2,
"RT @NatGeoChannel: Watch #BeforeTheFlood right here, as @LeoDiCaprio travels the world to tackle climate change https://t.co/LkDehj3tNn httÃ¢â‚¬Â¦",2,
RT @Seasaver: If everyone who tweets about halloween tweeted about genuinely terrifying things like climate change &amp; overfishingÃ¢â‚¬Â¦,2,
"RT @S_Kanzaki_: Me: Thank you.
Subaru: (clapping)
Aikomi:
Aikomi: Ã¢â‚¬Â¦The presentation was supposed to be on global warming, not why you hateÃ¢â‚¬Â¦",1,
RT @UN: 12 #globalgoals are directly linked to climate change. The #ParisAgreement is crucial to achieve them.Ã¢â‚¬Â¦,2,
RT @ClimateCentral: Here's how climate change will affect sea level rise (and flood cities) as the world warms https://t.co/btLitj44uUÃ¢â‚¬Â¦,2,
"RT @billmaher: Not a single question about climate change in all 3 debates. Sad. No, really - sad.",2,
"RT @NatGeoChannel: Watch #BeforeTheFlood right here, as @LeoDiCaprio travels the world to tackle climate change https://t.co/LkDehj3tNn httÃ¢â‚¬Â¦",2,
RT @EnvDefenseFund: 5 ways climate change is affecting our oceans. https://t.co/ejLx0v5j7D,2,
RT @mitchellvii: Americans are even less worried about Russia than climate change.,1,
RT @mitchellvii: Americans are even less worried about Russia than climate change.,1,
Amplified plant turnover in response to climate change forecast by Late Quaternary records https://t.co/8ZAMi8ORGZ,2,
"RT @NatGeoChannel: Watch #BeforeTheFlood right here, as @LeoDiCaprio travels the world to tackle climate change https://t.co/LkDehj3tNn httÃ¢â‚¬Â¦",2,
RT @SenSanders: The Dakota Access Pipeline would be a huge blow to our fight against climate change. #NoDAPL https://t.co/47m6yUu4m5,2,
Recent pattern of cloud cover may have masked some global warming: ThereÃ¢â‚¬â„¢s a deceptively simple number at the... https://t.co/B2u5ucFrJK,2,
Recent pattern of cloud cover may have masked some global warming: ThereÃ¢â‚¬â„¢s a deceptively simple number at the... https://t.co/zkA5GkP43c,2,
Keynote: Modeling impacts of climate change- what are information needs? Tim Carter Finnish Env Institute #SASAS2016 https://t.co/ySnbZ9eSFp,2,
"RT @NatGeoChannel: Watch #BeforeTheFlood right here, as @LeoDiCaprio travels the world to tackle climate change https://t.co/LkDehj3tNn httÃ¢â‚¬Â¦",2,
"RT @realDonaldTrump: It's freezing outside, where the hell is 'global warming'??",0,
Soils help to combat and adapt to climate change by playing a key role in the carbon cycle https://t.co/KlqoMlrRJ1 via @FAOKnowledge,2,
"RT @radioheadfloyd: Polar vortex shifting due to climate change, extending winter, study finds - The Washington Post https://t.co/iKjoQOumCN",2,
Google:How Margaret Thatcher helped protect the world from climate change - CityMetric https://t.co/DuGVYAihdJ,2,
@andyserling That's right. Aqueduct has an indoor studio. With climate change we can expect more aberrations at Belmont in the future.,2,
"@Baileytruett_yo @Tomleewalker why do people defend the leading cause of climate change, deforestation, pollution etc get over it it's meat",2,
RT @ClimateCentral: Here's how climate change will affect sea level rise (and flood cities) as the world warms https://t.co/btLitj44uUÃ¢â‚¬Â¦,2,
RT @TheNextWeb: National GeographicÃ¢â‚¬â„¢s climate change documentary with Leonardo DiCaprio is now on YouTube https://t.co/qMsxAyKcjo https://tÃ¢â‚¬Â¦,1,
RT @NatGeoChannel: 'The small island nations that contribute the least to the process of climate change are going to feel the worst efÃ¢â‚¬Â¦,2,
"In rare move, China criticizes Trump plan to exit climate change pact https://t.co/PpP0Pu876A #Politics #News",2,
Leonardo DiCaprio's documentary on climate change slays! Ã°Å¸Ëœï†Ã°Å¸Ëœï†Ã°Å¸Ëœï†Ã°Å¸Å’Å½Ã¢ï†Â¤Ã¯Â¸ï† Give it a watch on YouTube!,2,
"RT @ReutersChina: In rare move, China criticizes Trump plan to exit climate change pact https://t.co/hUihq4qxTa",2,
"Reuters: In rare move, China criticizes Trump plan to exit climate change pact: BEIJING (Reuters... https://t.co/0iSoZol1JA #environment",2,
"RT @frankdugan: In rare move, China criticizes Trump plan to exit climate change pact https://t.co/Kl5WpraDaw via @Reuters",2,
"In rare move, China criticises Trump plan to exit climate change pact https://t.co/uW2dAn82ps",2,
NatGeoÃ¢â‚¬â„¢s climate change documentary with Leonardo DiCaprio is now on YouTube https://t.co/9F2uNfY6TB by #jokoanwar via @c0nvey,1,
RT @FlakesOnATrain: .@carolinelucas is right to highlight the vital importance of upland peat in climate change. Depressingly she is dismiÃ¢â‚¬Â¦,2,
RT @NatGeoChannel: One of the easiest ways to help combat climate change in your daily life is to stop eating beef. Here's why:Ã¢â‚¬Â¦,2,
"RT @ReutersPolitics: In rare move, China criticizes Trump plan to exit climate change pact https://t.co/XIaB60VvHi",2,
"RT @bbtfln: jiyong: girls are so hot
jiyong: guys are hot too oh damn
jiyong: why is everyone so hot
daesung: global warming.",1,
Are we ready to take the necessary steps to reduce climate change through revolutionary energy evolution? #COP22,2,
"RT @NatGeoChannel: Watch #BeforeTheFlood right here, as @LeoDiCaprio travels the world to tackle climate change https://t.co/LkDehj3tNn httÃ¢â‚¬Â¦",2,
RT @MikeBloomberg: .@LeoDiCaprio's #BeforetheFlood on @NatGeoChannel tonight puts focus on reality of climate change &amp; need for action. httÃ¢â‚¬Â¦,2,
#BeforeTheFlood a documentary on climate change Ã°Å¸ï†Â³Ã°Å¸ï†Â¼Ã°Å¸ï†Â§https://t.co/vkSGOpO5fE https://t.co/ad7ef58YPF,1,
RT @realDonaldTrump: The concept of global warming was created by and for the Chinese in order to make U.S. manufacturing non-competitive.,0,
RT @theecoheroes: Fantastic Beasts: Our secret weapon in combating man-made climate change Ã¢â‚¬â€ animals #climatechange #animalsÃ¢â‚¬Â¦,2,
RT @ConversationEDU: Sea turtles have been around for 150 million years but the pace of climate change is an existential challenge.Ã¢â‚¬Â¦,2,
"Reuters: In rare move, China criticizes Trump plan to exit climate change pact https://t.co/4Tw3hcFm2E https://t.co/9y07c9fmP8",2,
"RT @Reuters: In rare move, China criticizes Trump plan to exit climate change pact https://t.co/XM7qUmahdX https://t.co/NA2yg8JkP9",2,
Indian farmers fight against climate change using trees as a weapon https://t.co/Go3yOxBFmi,2,
RT @GuardianSustBiz: Aus bus complicit in The Big Lie. Not poss to save Reef without tackling global warming @David_Ritter @GreenpeaceAP htÃ¢â‚¬Â¦,2,
"In rare move, China criticises Donald Trump plan to exit climate change pact: Donald Trump has threatened to ... https://t.co/lUBNj7T8qd",2,
"RT @NatGeoChannel: Watch #BeforeTheFlood right here, as @LeoDiCaprio travels the world to tackle climate change https://t.co/LkDehj3tNn httÃ¢â‚¬Â¦",2,
"RT @Reuters: In rare move, China criticizes Trump plan to exit climate change pact https://t.co/XM7qUmahdX https://t.co/NA2yg8JkP9",2,
@e3f3c53fc7ae44e @EjHirschberger @RealStrategyFan #blast caused by cow farts global warming and HRCs hot lying air,1,
Meet the unopposed Assembly candidate who says climate change is a good thing that hurts 'enemies on the equator'Ã¢â‚¬Â¦ https://t.co/xt9p5uXckl,1,
Meet the unopposed Assembly candidate who says climate change is a good thing that hurts 'enemies on the equator' https://t.co/CZ2SK5Fnlo,1,
"Polar vortex shifting due to climate change, extending winter, study:
- 'idea...controversial'
https://t.co/2J4RlkU7cd",2,
"RT @NatGeoChannel: Watch #BeforeTheFlood right here, as @LeoDiCaprio travels the world to tackle climate change https://t.co/LkDehj3tNn httÃ¢â‚¬Â¦",2,
"RT @Reuters: In rare move, China criticizes Trump plan to exit climate change pact https://t.co/XM7qUmahdX https://t.co/NA2yg8JkP9",2,
"Endangered, with climate change to blame - High Country News https://t.co/3wdry1uIyV",2,
"If you think climate change is a figment of your imagination watch this 
https://t.co/pTcbJTc7gq",2,
RT @TheEconomist: Uncoupling emissions growth and economic expansion is important for slowing climate change https://t.co/TnjMRQSU5V https:Ã¢â‚¬Â¦,2,
"Indian farmers fight against climate change using trees as a weapon

https://t.co/gehCNSMtPc",2,
RT @greenpeaceusa: Did you miss the premier of @LeoDiCaprio's climate change documentary #BeforeTheFlood yesterday? Catch up here &gt;&gt; https:Ã¢â‚¬Â¦,2,
"RT @TimBuckleyIEEFA: Fiduciary duties of directors &amp; trustees post Paris COP21 ratification re climate change, a clear legal risk https://tÃ¢â‚¬Â¦",1,
RT @TUnfractured: Commonwealth brainstorms on climate change reversal https://t.co/K4jhZ9awy2 #climatechange #commonwealth https://t.co/Y0Ã¢â‚¬Â¦,2,
RT @Slate: You can now watch Leonardo DiCaprioÃ¢â‚¬â„¢s climate change doc online for free: https://t.co/xltvx35kZH https://t.co/kPxu1qWjlw,1,
Lisbon will likely be in the middle of a desert by 2100 if we donÃ¢â‚¬â„¢t mitigate climate change https://t.co/7NZnFmUABs via @qz,2,
"In rare move, China criticises Trump plan to exit climate change pact: Trump has threaten... https://t.co/wDAPhE4P71 #pakistan #business",2,
RT @Seasaver: The ocean is losing its breath Ã¢â‚¬â€œ and climate change is making it worse https://t.co/myO8tGHlGK @ConversationUS,2,
"RT @Reuters: In rare move, China criticizes Trump plan to exit climate change pact https://t.co/XM7qUmahdX https://t.co/NA2yg8JkP9",2,
Halloween costumes and race and climate change https://t.co/GVaBe0qa9Y,2,
"RT @Reuters: In rare move, China criticizes Trump plan to exit climate change pact https://t.co/XM7qUmahdX https://t.co/NA2yg8JkP9",2,
RT @KurtJaenen: Cloudy feedback on global warming #news #tech #science https://t.co/7STMLbiZfX https://t.co/XwxJVy0YgR,2,
We need to educate local communities about climate change &amp; local strategies to tackle it- Mr Mungwe. @environmentza @Youth_SAIIA @CANIntl,2,
"@TheRickyDavila no paying taxes, give USA away for Putin, investment from China, sexual assaults,stupid 'bout climate change'll make us sink",1,
@MrBenBrown You need to watch Nat Geo's 'Before the Flood' with Leonardo DiCaprio. The most shocking and inspiring film on climate change.,2,
"RT @NatGeoChannel: Watch #BeforeTheFlood right here, as @LeoDiCaprio travels the world to tackle climate change https://t.co/LkDehj3tNn httÃ¢â‚¬Â¦",2,
RT @UN: 12 #globalgoals are directly linked to climate change. The #ParisAgreement is crucial to achieve them.Ã¢â‚¬Â¦,2,
Man has no significant effect on climate! Hence the name change from global warming hoax to climate change hoax! https://t.co/7G1rtaES9H,0,
RT @ProfTerryHughes: Minister's Op-Ed on Protecting the #GreatBarrierReef. No mention of tackling #climate change. https://t.co/bRVLto0enq,2,
RT @robintransition: Great piece: 'Building against climate change can either support vibrant neighborhood conditions or undermine them': hÃ¢â‚¬Â¦,2,
"RT @NatGeoChannel: Watch #BeforeTheFlood right here, as @LeoDiCaprio travels the world to tackle climate change https://t.co/LkDehj3tNn httÃ¢â‚¬Â¦",2,
"RT @ReutersScience: In rare move, China criticizes Trump plan to exit climate change pact https://t.co/rGRaEOqkKV https://t.co/12IQZ3cPDC",2,
China on Tuesday rejected a plan by Donald Trump to back out of a global climate change pact.,2,
